,,,
0,0,16217,-6
0,0,16222,-6
-1,-1,16227,-6
-2,-2,16232,-6
-4,-4,16237,-6
-6,-7,16242,-6
-10,-10,16247,-6
-14,-15,16252,-6
-19,-20,16257,-6
-25,-26,16262,-6
-31,-32,16267,-6
-38,-40,16272,-6
-46,-47,16277,-6
-54,-55,16282,-6
-62,-64,16287,-6
-70,-72,16292,-6
-79,-81,16297,-6
-88,-90,16302,-6
-96,-99,16307,-6
-106,-108,16312,-6
-115,-117,16317,-6
-124,-127,16322,-6
-133,-136,16327,-6
-143,-146,16332,-6
-152,-156,16337,-6
-161,-165,16342,-6
-171,-175,16347,-6
-180,-184,16352,-6
-190,-194,16357,-6
-199,-204,16362,-6
-209,-213,16367,-6
-218,-223,16372,-6
-228,-233,16377,-6
-237,-243,16382,-6
-247,-252,16387,-6
-257,-262,16392,-6
-266,-272,16397,-6
-275,-281,16402,-6
-285,-291,16407,-6
-295,-300,16412,-6
-304,-309,16417,-6
-314,-318,16422,-6
-323,-327,16427,-6
-333,-336,16432,-6
-342,-345,16437,-6
-352,-354,16442,-6
-361,-363,16447,-6
-370,-372,16452,-6
-380,-381,16457,-6
-389,-390,16462,-6
-398,-399,16467,-6
-408,-408,16472,-6
-417,-417,16477,-6
-426,-426,16482,-6
-435,-435,16487,-6
-443,-444,16492,-6
-452,-453,16497,-6
-461,-462,16502,-6
-469,-470,16507,-6
-478,-479,16512,-6
-486,-488,16517,-6
-495,-496,16522,-6
-503,-504,16527,-6
-512,-513,16532,-6
-520,-522,16537,-6
-529,-530,16542,-6
-537,-538,16547,-6
-546,-547,16552,-6
-554,-555,16557,-6
-563,-564,16562,-6
-571,-572,16567,-6
-580,-581,16572,-6
-588,-589,16577,-6
-597,-598,16582,-6
-606,-606,16587,-6
-614,-615,16592,-6
-623,-624,16597,-6
-631,-633,16602,-6
-640,-641,16607,-6
-648,-650,16612,-6
-657,-659,16617,-6
-666,-667,16622,-6
-675,-676,16627,-6
-683,-684,16632,-6
-692,-693,16637,-6
-701,-702,16642,-6
-709,-711,16647,-6
-718,-719,16652,-6
-727,-728,16657,-6
-735,-737,16662,-6
-744,-745,16667,-6
-752,-754,16672,-6
-761,-762,16677,-6
-770,-771,16682,-6
-778,-780,16687,-6
-787,-788,16692,-6
-796,-797,16697,-6
-804,-806,16702,-6
-813,-814,16707,-6
-821,-823,16712,-6
-830,-831,16717,-6
-839,-840,16722,-6
-847,-849,16727,-6
-856,-857,16732,-6
-864,-866,16737,-6
-873,-874,16742,-6
-882,-883,16747,-6
-890,-892,16752,-6
-899,-900,16757,-6
-908,-909,16762,-6
-916,-918,16767,-6
-925,-926,16772,-6
-933,-935,16777,-6
-942,-944,16782,-6
-951,-952,16787,-6
-959,-961,16792,-6
-968,-969,16797,-6
-977,-978,16802,-6
-986,-987,16807,-6
-994,-995,16812,-6
-1003,-1004,16817,-6
-1011,-1013,16822,-6
-1020,-1021,16827,-6
-1029,-1030,16832,-6
-1037,-1039,16837,-6
-1046,-1047,16842,-6
-1055,-1056,16847,-6
-1063,-1065,16852,-6
-1072,-1074,16857,-6
-1081,-1082,16862,-6
-1089,-1091,16867,-6
-1098,-1099,16872,-6
-1106,-1108,16877,-6
-1115,-1116,16882,-6
-1124,-1125,16887,-6
-1132,-1134,16892,-6
-1141,-1142,16897,-6
-1149,-1151,16902,-6
-1158,-1160,16907,-6
-1167,-1168,16912,-6
-1175,-1177,16917,-6
-1184,-1185,16922,-6
-1193,-1194,16927,-6
-1201,-1202,16932,-6
-1210,-1211,16937,-6
-1218,-1220,16942,-6
-1227,-1228,16947,-6
-1236,-1237,16952,-6
-1244,-1245,16957,-6
-1253,-1254,16962,-6
-1262,-1263,16967,-6
-1270,-1272,16972,-6
-1279,-1280,16977,-6
-1288,-1289,16982,-6
-1296,-1297,16987,-6
-1305,-1306,16992,-6
-1313,-1314,16997,-6
-1322,-1323,17002,-6
-1331,-1332,17007,-6
-1339,-1341,17012,-6
-1348,-1349,17017,-6
-1356,-1358,17022,-6
-1365,-1366,17027,-6
-1374,-1375,17032,-6
-1382,-1384,17037,-6
-1391,-1392,17042,-6
-1400,-1401,17047,-6
-1408,-1410,17052,-6
-1417,-1418,17057,-6
-1426,-1427,17062,-6
-1434,-1436,17067,-6
-1443,-1444,17072,-6
-1452,-1453,17077,-6
-1460,-1461,17082,-6
-1469,-1470,17087,-6
-1478,-1479,17092,-6
-1486,-1487,17097,-6
-1495,-1496,17102,-6
-1504,-1505,17107,-6
-1512,-1513,17112,-6
-1521,-1522,17117,-6
-1529,-1530,17122,-6
-1538,-1539,17127,-6
-1547,-1548,17132,-6
-1555,-1556,17137,-6
-1564,-1565,17142,-6
-1572,-1574,17147,-6
-1581,-1582,17152,-6
-1590,-1591,17157,-6
-1598,-1599,17162,-6
-1607,-1608,17167,-6
-1616,-1617,17172,-6
-1624,-1625,17177,-6
-1633,-1634,17182,-6
-1641,-1642,17187,-6
-1650,-1651,17192,-6
-1659,-1660,17197,-6
-1667,-1668,17202,-6
-1676,-1677,17207,-6
-1685,-1686,17212,-6
-1693,-1694,17217,-6
-1702,-1703,17222,-6
-1711,-1712,17227,-6
-1719,-1720,17232,-6
-1728,-1729,17237,-6
-1736,-1737,17242,-6
-1745,-1746,17247,-6
-1754,-1755,17252,-6
-1762,-1763,17257,-6
-1771,-1772,17262,-6
-1780,-1781,17267,-6
-1788,-1789,17272,-6
-1797,-1798,17277,-6
-1805,-1806,17282,-6
-1814,-1815,17287,-6
-1823,-1824,17292,-6
-1831,-1832,17297,-6
-1840,-1841,17302,-6
-1848,-1850,17307,-6
-1857,-1858,17312,-6
-1866,-1867,17317,-6
-1874,-1875,17322,-6
-1883,-1884,17327,-6
-1892,-1893,17332,-6
-1900,-1901,17337,-6
-1909,-1910,17342,-6
-1917,-1918,17347,-6
-1926,-1927,17352,-6
-1935,-1936,17357,-6
-1943,-1944,17362,-6
-1952,-1953,17367,-6
-1961,-1962,17372,-6
-1969,-1970,17377,-6
-1978,-1979,17382,-6
-1986,-1988,17387,-6
-1995,-1996,17392,-6
-2004,-2005,17397,-6
-2012,-2014,17402,-6
-2021,-2022,17407,-6
-2029,-2031,17412,-6
-2038,-2040,17417,-6
-2047,-2048,17422,-6
-2055,-2057,17427,-6
-2064,-2065,17432,-6
-2073,-2074,17437,-6
-2081,-2082,17442,-6
-2090,-2091,17447,-6
-2098,-2100,17452,-6
-2107,-2108,17457,-6
-2116,-2117,17462,-6
-2124,-2126,17467,-6
-2133,-2134,17472,-6
-2142,-2143,17477,-6
-2150,-2151,17482,-6
-2159,-2160,17487,-6
-2168,-2169,17492,-6
-2176,-2177,17497,-6
-2185,-2186,17502,-6
-2194,-2194,17507,-6
-2202,-2203,17512,-6
-2211,-2212,17517,-6
-2219,-2220,17522,-6
-2228,-2229,17527,-6
-2237,-2238,17532,-6
-2245,-2246,17537,-6
-2254,-2255,17542,-6
-2262,-2264,17547,-6
-2271,-2272,17552,-6
-2279,-2281,17557,-6
-2288,-2289,17562,-6
-2297,-2298,17567,-6
-2305,-2307,17572,-6
-2314,-2315,17577,-6
-2323,-2324,17582,-6
-2331,-2332,17587,-6
-2340,-2341,17592,-6
-2349,-2350,17597,-6
-2357,-2358,17602,-6
-2366,-2367,17607,-6
-2374,-2376,17612,-6
-2383,-2384,17617,-6
-2392,-2393,17622,-6
-2400,-2402,17627,-6
-2409,-2410,17632,-6
-2418,-2419,17637,-6
-2426,-2427,17642,-6
-2435,-2436,17647,-6
-2444,-2445,17652,-6
-2452,-2453,17657,-6
-2461,-2462,17662,-6
-2469,-2470,17667,-6
-2478,-2479,17672,-6
-2487,-2488,17677,-6
-2495,-2496,17682,-6
-2504,-2505,17687,-6
-2513,-2514,17692,-6
-2521,-2522,17697,-6
-2530,-2531,17702,-6
-2539,-2540,17707,-6
-2547,-2548,17712,-6
-2556,-2557,17717,-6
-2564,-2566,17722,-6
-2573,-2574,17727,-6
-2582,-2583,17732,-6
-2590,-2592,17737,-6
-2599,-2600,17742,-6
-2608,-2609,17747,-6
-2616,-2617,17752,-6
-2625,-2626,17757,-6
-2633,-2634,17762,-6
-2642,-2643,17767,-6
-2651,-2652,17772,-6
-2659,-2660,17777,-6
-2668,-2669,17782,-6
-2676,-2677,17787,-6
-2685,-2686,17792,-6
-2694,-2695,17797,-6
-2702,-2703,17802,-6
-2711,-2712,17807,-6
-2719,-2720,17812,-6
-2728,-2729,17817,-6
-2737,-2738,17822,-6
-2745,-2746,17827,-6
-2754,-2755,17832,-6
-2763,-2764,17837,-6
-2771,-2772,17842,-6
-2780,-2781,17847,-6
-2789,-2790,17852,-6
-2797,-2798,17857,-6
-2806,-2807,17862,-6
-2814,-2816,17867,-6
-2823,-2824,17872,-6
-2832,-2833,17877,-6
-2840,-2841,17882,-6
-2849,-2850,17887,-6
-2858,-2858,17892,-6
-2866,-2867,17897,-6
-2875,-2876,17902,-6
-2883,-2884,17907,-6
-2892,-2893,17912,-6
-2901,-2902,17917,-6
-2909,-2910,17922,-6
-2918,-2919,17927,-6
-2927,-2928,17932,-6
-2935,-2936,17937,-6
-2944,-2945,17942,-6
-2952,-2954,17947,-6
-2961,-2962,17952,-6
-2970,-2971,17957,-6
-2978,-2980,17962,-6
-2987,-2988,17967,-6
-2996,-2997,17972,-6
-3004,-3006,17977,-6
-3013,-3014,17982,-6
-3022,-3023,17987,-6
-3030,-3031,17992,-6
-3039,-3040,17997,-6
-3047,-3048,18002,-6
-3056,-3057,18007,-6
-3065,-3066,18012,-6
-3073,-3074,18017,-6
-3082,-3083,18022,-6
-3091,-3092,18027,-6
-3099,-3100,18032,-6
-3108,-3109,18037,-6
-3116,-3117,18042,-6
-3125,-3126,18047,-6
-3134,-3134,18052,-6
-3142,-3143,18057,-6
-3151,-3152,18062,-6
-3159,-3160,18067,-6
-3168,-3169,18072,-6
-3177,-3178,18077,-6
-3185,-3186,18082,-6
-3194,-3195,18087,-6
-3203,-3204,18092,-6
-3211,-3212,18097,-6
-3220,-3221,18102,-6
-3228,-3230,18107,-6
-3237,-3238,18112,-6
-3246,-3247,18117,-6
-3254,-3255,18122,-6
-3263,-3264,18127,-6
-3272,-3273,18132,-6
-3280,-3281,18137,-6
-3289,-3290,18142,-6
-3297,-3298,18147,-6
-3306,-3307,18152,-6
-3315,-3316,18157,-6
-3323,-3324,18162,-6
-3332,-3333,18167,-6
-3341,-3342,18172,-6
-3349,-3350,18177,-6
-3358,-3359,18182,-6
-3367,-3368,18187,-6
-3375,-3376,18192,-6
-3384,-3385,18197,-6
-3392,-3393,18202,-6
-3401,-3402,18207,3
-3409,-3411,18212,3
-3417,-3418,18217,3
-3423,-3424,18222,3
-3427,-3429,18227,3
-3430,-3432,18232,3
-3432,-3434,18237,3
-3432,-3434,18242,3
-3431,-3433,18247,3
-3429,-3431,18252,3
-3426,-3428,18257,3
-3423,-3424,18262,3
-3418,-3419,18267,3
-3413,-3414,18272,3
-3407,-3408,18277,3
-3402,-3402,18282,3
-3395,-3395,18287,3
-3389,-3388,18292,3
-3382,-3382,18297,3
-3376,-3375,18302,3
-3369,-3369,18307,3
-3363,-3362,18312,3
-3357,-3356,18317,3
-3352,-3350,18322,3
-3346,-3345,18327,3
-3341,-3340,18332,3
-3337,-3335,18337,3
-3332,-3330,18342,3
-3328,-3326,18347,3
-3324,-3321,18352,3
-3319,-3317,18357,3
-3315,-3313,18362,3
-3311,-3309,18367,3
-3308,-3306,18372,3
-3304,-3302,18377,3
-3300,-3298,18382,3
-3296,-3294,18387,3
-3292,-3290,18392,3
-3288,-3287,18397,3
-3284,-3283,18402,3
-3280,-3279,18407,3
-3276,-3275,18412,3
-3272,-3271,18417,3
-3268,-3267,18422,3
-3264,-3263,18427,3
-3260,-3259,18432,3
-3255,-3255,18437,3
-3251,-3250,18442,3
-3247,-3246,18447,3
-3242,-3242,18452,3
-3238,-3237,18457,3
-3234,-3233,18462,3
-3229,-3229,18467,3
-3225,-3224,18472,3
-3221,-3220,18477,3
-3216,-3216,18482,3
-3212,-3211,18487,3
-3207,-3207,18492,3
-3203,-3202,18497,3
-3199,-3198,18502,3
-3194,-3194,18507,3
-3190,-3189,18512,3
-3185,-3185,18517,3
-3181,-3180,18522,3
-3177,-3176,18527,3
-3172,-3172,18532,3
-3168,-3167,18537,3
-3164,-3163,18542,3
-3159,-3158,18547,3
-3155,-3154,18552,3
-3151,-3150,18557,3
-3146,-3146,18562,3
-3142,-3141,18567,3
-3138,-3137,18572,3
-3133,-3132,18577,3
-3129,-3128,18582,3
-3125,-3124,18587,3
-3120,-3120,18592,3
-3116,-3115,18597,3
-3112,-3111,18602,3
-3107,-3106,18607,3
-3103,-3102,18612,3
-3099,-3098,18617,3
-3094,-3094,18622,3
-3090,-3089,18627,3
-3086,-3085,18632,3
-3081,-3081,18637,3
-3077,-3076,18642,3
-3073,-3072,18647,3
-3068,-3068,18652,3
-3064,-3063,18657,3
-3060,-3059,18662,3
-3055,-3054,18667,3
-3051,-3050,18672,3
-3047,-3046,18677,3
-3042,-3042,18682,3
-3038,-3037,18687,3
-3034,-3033,18692,3
-3029,-3029,18697,3
-3025,-3024,18702,3
-3021,-3020,18707,3
-3016,-3016,18712,3
-3012,-3011,18717,3
-3008,-3007,18722,3
-3003,-3002,18727,3
-2999,-2998,18732,3
-2995,-2994,18737,3
-2990,-2990,18742,3
-2986,-2985,18747,3
-2982,-2981,18752,3
-2978,-2976,18757,3
-2973,-2972,18762,3
-2969,-2968,18767,3
-2964,-2964,18772,3
-2960,-2959,18777,3
-2956,-2955,18782,3
-2951,-2951,18787,3
-2947,-2946,18792,3
-2943,-2942,18797,3
-2939,-2938,18802,3
-2934,-2933,18807,3
-2930,-2929,18812,3
-2925,-2925,18817,3
-2921,-2920,18822,3
-2917,-2916,18827,3
-2913,-2912,18832,3
-2908,-2907,18837,3
-2904,-2903,18842,3
-2900,-2898,18847,3
-2895,-2894,18852,3
-2891,-2890,18857,3
-2887,-2886,18862,3
-2882,-2881,18867,3
-2878,-2877,18872,3
-2873,-2873,18877,3
-2869,-2868,18882,3
-2865,-2864,18887,3
-2860,-2860,18892,3
-2856,-2855,18897,3
-2852,-2851,18902,3
-2847,-2847,18907,3
-2843,-2842,18912,3
-2839,-2838,18917,3
-2835,-2834,18922,3
-2830,-2829,18927,3
-2826,-2825,18932,3
-2822,-2820,18937,3
-2817,-2816,18942,3
-2813,-2812,18947,3
-2808,-2808,18952,3
-2804,-2803,18957,3
-2800,-2799,18962,3
-2795,-2795,18967,3
-2791,-2790,18972,3
-2787,-2786,18977,3
-2782,-2782,18982,3
-2778,-2777,18987,3
-2774,-2773,18992,3
-2769,-2769,18997,3
-2765,-2764,19002,3
-2761,-2760,19007,3
-2756,-2756,19012,3
-2752,-2751,19017,3
-2748,-2747,19022,3
-2743,-2742,19027,3
-2739,-2738,19032,3
-2735,-2734,19037,3
-2731,-2730,19042,3
-2726,-2725,19047,3
-2722,-2721,19052,3
-2718,-2717,19057,3
-2713,-2712,19062,3
-2709,-2708,19067,3
-2705,-2704,19072,3
-2700,-2699,19077,3
-2696,-2695,19082,3
-2691,-2690,19087,3
-2687,-2686,19092,3
-2683,-2682,19097,3
-2679,-2678,19102,3
-2674,-2673,19107,3
-2670,-2669,19112,3
-2666,-2664,19117,3
-2661,-2660,19122,3
-2657,-2656,19127,3
-2652,-2652,19132,3
-2648,-2647,19137,3
-2644,-2643,19142,3
-2639,-2639,19147,3
-2635,-2634,19152,3
-2631,-2630,19157,3
-2626,-2626,19162,3
-2622,-2622,19167,3
-2618,-2617,19172,3
-2613,-2613,19177,3
-2609,-2608,19182,3
-2605,-2604,19187,3
-2601,-2600,19192,3
-2596,-2595,19197,3
-2592,-2591,19202,3
-2588,-2586,19207,3
-2583,-2582,19212,3
-2579,-2578,19217,3
-2575,-2574,19222,3
-2570,-2569,19227,3
-2566,-2565,19232,3
-2562,-2561,19237,3
-2557,-2556,19242,3
-2553,-2552,19247,3
-2549,-2548,19252,3
-2544,-2543,19257,3
-2540,-2539,19262,3
-2536,-2535,19267,3
-2531,-2530,19272,3
-2527,-2526,19277,3
-2522,-2522,19282,3
-2518,-2517,19287,3
-2514,-2513,19292,3
-2509,-2508,19297,3
-2505,-2504,19302,3
-2501,-2500,19307,3
-2496,-2496,19312,3
-2492,-2491,19317,3
-2488,-2487,19322,3
-2483,-2483,19327,3
-2479,-2478,19332,3
-2475,-2474,19337,3
-2471,-2470,19342,3
-2466,-2466,19347,3
-2462,-2461,19352,3
-2458,-2457,19357,3
-2453,-2452,19362,3
-2449,-2448,19367,3
-2445,-2444,19372,3
-2440,-2439,19377,3
-2436,-2435,19382,3
-2432,-2430,19387,3
-2427,-2426,19392,3
-2423,-2422,19397,3
-2419,-2418,19402,3
-2414,-2413,19407,3
-2410,-2409,19412,3
-2405,-2405,19417,3
-2401,-2400,19422,3
-2397,-2396,19427,3
-2393,-2392,19432,3
-2388,-2387,19437,3
-2384,-2383,19442,3
-2380,-2379,19447,3
-2375,-2374,19452,3
-2371,-2370,19457,3
-2367,-2366,19462,3
-2362,-2361,19467,3
-2358,-2357,19472,3
-2354,-2352,19477,3
-2349,-2348,19482,3
-2345,-2344,19487,3
-2340,-2340,19492,3
-2336,-2336,19497,3
-2332,-2331,19502,3
-2327,-2327,19507,3
-2323,-2322,19512,3
-2319,-2318,19517,3
-2315,-2314,19522,3
-2310,-2310,19527,3
-2306,-2305,19532,3
-2302,-2301,19537,3
-2297,-2297,19542,3
-2293,-2292,19547,3
-2289,-2288,19552,3
-2284,-2284,19557,3
-2280,-2279,19562,3
-2276,-2275,19567,3
-2271,-2270,19572,3
-2267,-2266,19577,3
-2263,-2262,19582,3
-2258,-2257,19587,3
-2254,-2253,19592,3
-2250,-2249,19597,3
-2245,-2244,19602,3
-2241,-2240,19607,3
-2237,-2236,19612,3
-2232,-2231,19617,3
-2228,-2227,19622,3
-2224,-2222,19627,3
-2219,-2218,19632,3
-2215,-2214,19637,3
-2211,-2210,19642,3
-2206,-2205,19647,3
-2202,-2201,19652,3
-2198,-2196,19657,3
-2193,-2192,19662,3
-2189,-2188,19667,3
-2184,-2184,19672,3
-2180,-2180,19677,3
-2176,-2175,19682,3
-2171,-2171,19687,3
-2167,-2166,19692,3
-2163,-2162,19697,3
-2159,-2158,19702,3
-2154,-2154,19707,3
-2150,-2149,19712,3
-2146,-2145,19717,3
-2141,-2140,19722,3
-2137,-2136,19727,3
-2133,-2132,19732,3
-2128,-2127,19737,3
-2124,-2123,19742,3
-2120,-2119,19747,3
-2115,-2114,19752,3
-2111,-2110,19757,3
-2107,-2106,19762,3
-2102,-2101,19767,3
-2098,-2097,19772,3
-2094,-2093,19777,3
-2089,-2088,19782,3
-2085,-2084,19787,3
-2081,-2080,19792,3
-2076,-2076,19797,3
-2072,-2071,19802,3
-2068,-2067,19807,3
-2063,-2062,19812,3
-2059,-2058,19817,3
-2055,-2054,19822,3
-2050,-2049,19827,3
-2046,-2045,19832,3
-2042,-2040,19837,3
-2037,-2036,19842,3
-2033,-2032,19847,3
-2028,-2028,19852,3
-2024,-2023,19857,3
-2020,-2019,19862,3
-2015,-2015,19867,3
-2011,-2010,19872,3
-2007,-2006,19877,3
-2003,-2002,19882,3
-1998,-1998,19887,3
-1994,-1993,19892,3
-1989,-1989,19897,3
-1985,-1984,19902,3
-1981,-1980,19907,3
-1977,-1976,19912,3
-1972,-1971,19917,3
-1968,-1967,19922,3
-1963,-1963,19927,3
-1959,-1958,19932,3
-1955,-1954,19937,3
-1951,-1950,19942,3
-1946,-1945,19947,3
-1942,-1941,19952,3
-1937,-1937,19957,3
-1933,-1932,19962,3
-1929,-1928,19967,3
-1925,-1924,19972,3
-1920,-1919,19977,3
-1916,-1915,19982,3
-1911,-1911,19987,3
-1907,-1906,19992,3
-1903,-1902,19997,3
-1898,-1898,20002,3
-1894,-1893,20007,3
-1890,-1889,20012,3
-1886,-1885,20017,3
-1881,-1881,20022,3
-1877,-1876,20027,3
-1873,-1872,20032,3
-1868,-1868,20037,3
-1864,-1863,20042,3
-1859,-1859,20047,3
-1855,-1854,20052,3
-1851,-1850,20057,3
-1847,-1846,20062,3
-1842,-1842,20067,3
-1838,-1837,20072,3
-1833,-1833,20077,3
-1829,-1828,20082,3
-1825,-1824,20087,3
-1821,-1820,20092,3
-1816,-1815,20097,3
-1812,-1811,20102,3
-1807,-1806,20107,3
-1803,-1802,20112,3
-1799,-1798,20117,3
-1795,-1794,20122,3
-1790,-1789,20127,3
-1786,-1785,20132,3
-1782,-1781,20137,3
-1777,-1776,20142,3
-1773,-1772,20147,3
-1769,-1768,20152,3
-1764,-1763,20157,3
-1760,-1759,20162,3
-1755,-1755,20167,3
-1751,-1750,20172,3
-1747,-1746,20177,3
-1742,-1742,20182,3
-1738,-1737,20187,3
-1734,-1733,20192,3
-1730,-1729,20197,3
-1725,-1725,20202,3
-1721,-1720,20207,3
-1717,-1716,20212,7
-1712,-1712,20217,7
-1708,-1707,20222,7
-1703,-1702,20227,7
-1698,-1697,20232,7
-1692,-1691,20237,7
-1686,-1684,20242,7
-1679,-1677,20247,7
-1671,-1669,20252,7
-1663,-1661,20257,7
-1654,-1652,20262,7
-1645,-1643,20267,7
-1636,-1633,20272,7
-1626,-1624,20277,7
-1616,-1614,20282,7
-1606,-1603,20287,7
-1595,-1593,20292,7
-1585,-1583,20297,7
-1575,-1572,20302,7
-1564,-1561,20307,7
-1554,-1551,20312,7
-1543,-1540,20317,7
-1532,-1529,20322,7
-1521,-1518,20327,7
-1511,-1508,20332,7
-1500,-1496,20337,7
-1489,-1486,20342,7
-1478,-1474,20347,7
-1467,-1464,20352,7
-1456,-1453,20357,7
-1445,-1442,20362,7
-1434,-1431,20367,7
-1424,-1420,20372,7
-1413,-1409,20377,7
-1402,-1398,20382,7
-1391,-1387,20387,7
-1380,-1376,20392,7
-1369,-1365,20397,7
-1358,-1354,20402,7
-1347,-1344,20407,7
-1336,-1334,20412,7
-1325,-1323,20417,7
-1315,-1313,20422,7
-1304,-1303,20427,7
-1293,-1293,20432,7
-1283,-1282,20437,7
-1273,-1272,20442,7
-1263,-1262,20447,7
-1253,-1253,20452,7
-1243,-1243,20457,7
-1232,-1233,20462,7
-1223,-1224,20467,7
-1213,-1214,20472,7
-1203,-1204,20477,7
-1193,-1194,20482,7
-1183,-1185,20487,7
-1173,-1175,20492,7
-1163,-1165,20497,7
-1154,-1155,20502,7
-1144,-1145,20507,7
-1134,-1135,20512,7
-1124,-1125,20517,7
-1114,-1116,20522,7
-1104,-1105,20527,7
-1095,-1095,20532,7
-1085,-1085,20537,7
-1075,-1075,20542,7
-1065,-1065,20547,7
-1055,-1055,20552,7
-1045,-1044,20557,7
-1035,-1034,20562,7
-1025,-1024,20567,7
-1015,-1014,20572,7
-1004,-1004,20577,7
-994,-994,20582,7
-984,-984,20587,7
-974,-974,20592,7
-964,-964,20597,7
-954,-954,20602,7
-944,-944,20607,7
-934,-933,20612,7
-924,-923,20617,7
-914,-913,20622,7
-904,-903,20627,7
-894,-893,20632,7
-883,-883,20637,7
-873,-873,20642,7
-863,-863,20647,7
-854,-854,20652,7
-843,-843,20657,7
-833,-834,20662,7
-823,-824,20667,7
-813,-813,20672,7
-803,-804,20677,7
-794,-794,20682,7
-784,-783,20687,7
-774,-774,20692,7
-764,-764,20697,7
-754,-753,20702,7
-744,-743,20707,7
-734,-734,20712,7
-724,-723,20717,7
-714,-714,20722,7
-704,-703,20727,7
-694,-693,20732,7
-684,-683,20737,7
-674,-673,20742,7
-664,-663,20747,7
-654,-653,20752,7
-643,-643,20757,7
-633,-633,20762,7
-623,-623,20767,7
-613,-613,20772,7
-603,-603,20777,7
-593,-593,20782,7
-583,-583,20787,7
-573,-573,20792,7
-563,-563,20797,7
-553,-553,20802,7
-543,-543,20807,7
-534,-533,20812,7
-524,-523,20817,7
-514,-513,20822,7
-504,-503,20827,7
-494,-493,20832,7
-484,-483,20837,7
-474,-473,20842,7
-464,-463,20847,7
-454,-453,20852,7
-444,-443,20857,7
-434,-433,20862,7
-424,-423,20867,7
-414,-413,20872,7
-403,-403,20877,7
-393,-393,20882,7
-383,-383,20887,7
-373,-373,20892,7
-363,-363,20897,7
-353,-353,20902,7
-343,-343,20907,7
-333,-333,20912,7
-323,-323,20917,7
-313,-313,20922,7
-303,-303,20927,7
-293,-293,20932,7
-283,-283,20937,7
-273,-273,20942,7
-263,-263,20947,7
-253,-253,20952,7
-243,-243,20957,7
-233,-233,20962,7
-223,-223,20967,7
-213,-213,20972,7
-203,-203,20977,7
-193,-193,20982,7
-183,-183,20987,7
-173,-173,20992,7
-163,-163,20997,7
-153,-153,21002,7
-143,-143,21007,7
-133,-133,21012,7
-123,-123,21017,7
-113,-113,21022,7
-103,-103,21027,7
-93,-93,21032,7
-83,-83,21037,7
-74,-72,21042,7
-63,-63,21047,7
-53,-53,21052,7
-43,-43,21057,7
-33,-33,21062,7
-23,-23,21067,7
-13,-13,21072,7
-3,-3,21077,7
7,7,21082,7
17,17,21087,7
27,27,21092,7
37,37,21097,7
47,47,21102,7
57,57,21107,7
67,67,21112,7
77,77,21117,7
87,87,21122,7
97,98,21127,7
107,108,21132,7
117,117,21137,7
127,127,21142,7
137,137,21147,7
147,147,21152,7
157,157,21157,7
167,167,21162,7
177,177,21167,7
187,187,21172,7
197,197,21177,7
207,207,21182,7
217,217,21187,7
227,228,21192,7
237,237,21197,7
247,247,21202,7
258,258,21207,7
267,267,21212,7
277,277,21217,7
288,288,21222,7
297,297,21227,7
307,307,21232,7
317,317,21237,7
327,327,21242,7
337,337,21247,7
347,347,21252,7
357,357,21257,7
367,367,21262,7
377,377,21267,7
387,387,21272,7
398,398,21277,7
408,408,21282,7
418,418,21287,7
428,428,21292,7
438,438,21297,7
448,448,21302,7
458,458,21307,7
468,468,21312,7
478,478,21317,7
487,487,21322,7
497,497,21327,7
508,507,21332,7
518,517,21337,7
528,528,21342,7
538,537,21347,7
548,547,21352,7
558,557,21357,7
568,567,21362,7
578,577,21367,7
588,587,21372,7
598,597,21377,7
608,607,21382,7
618,618,21387,7
628,627,21392,7
638,638,21397,7
648,648,21402,7
658,658,21407,7
668,668,21412,7
678,678,21417,7
688,688,21422,7
698,698,21427,7
708,708,21432,7
718,718,21437,7
728,728,21442,7
738,738,21447,7
748,748,21452,7
758,758,21457,7
768,768,21462,7
778,778,21467,7
788,788,21472,7
798,798,21477,7
808,808,21482,7
819,819,21487,7
828,828,21492,7
838,838,21497,7
848,848,21502,7
859,858,21507,7
869,868,21512,7
879,878,21517,7
889,888,21522,7
899,898,21527,7
909,908,21532,7
918,918,21537,7
928,928,21542,7
938,938,21547,7
948,948,21552,7
958,958,21557,7
968,968,21562,7
978,978,21567,7
988,988,21572,7
998,999,21577,7
1008,1008,21582,7
1018,1018,21587,7
1028,1028,21592,7
1038,1038,21597,7
1048,1048,21602,7
1059,1059,21607,7
1068,1069,21612,7
1079,1079,21617,7
1089,1089,21622,7
1099,1099,21627,7
1109,1109,21632,7
1119,1119,21637,7
1129,1129,21642,7
1139,1139,21647,7
1149,1149,21652,7
1159,1159,21657,7
1169,1169,21662,7
1179,1179,21667,7
1189,1189,21672,7
1199,1199,21677,7
1208,1209,21682,7
1219,1219,21687,7
1229,1229,21692,7
1239,1239,21697,7
1249,1249,21702,7
1259,1259,21707,7
1269,1269,21712,7
1279,1279,21717,7
1289,1289,21722,7
1299,1299,21727,7
1309,1309,21732,7
1319,1319,21737,7
1329,1329,21742,7
1339,1339,21747,7
1349,1349,21752,7
1359,1359,21757,7
1369,1369,21762,7
1379,1379,21767,7
1389,1389,21772,7
1399,1399,21777,7
1409,1409,21782,7
1419,1419,21787,7
1429,1429,21792,7
1439,1439,21797,7
1449,1449,21802,7
1459,1459,21807,7
1469,1469,21812,7
1479,1479,21817,7
1489,1489,21822,7
1499,1499,21827,7
1509,1509,21832,7
1519,1519,21837,7
1529,1529,21842,7
1539,1539,21847,7
1549,1549,21852,7
1559,1559,21857,7
1569,1569,21862,7
1579,1579,21867,7
1589,1589,21872,7
1599,1599,21877,7
1609,1609,21882,7
1619,1619,21887,7
1629,1629,21892,7
1639,1639,21897,7
1649,1649,21902,7
1659,1659,21907,7
1669,1669,21912,7
1679,1679,21917,7
1689,1689,21922,7
1699,1699,21927,7
1709,1709,21932,7
1719,1719,21937,7
1729,1729,21942,7
1739,1739,21947,7
1749,1749,21952,7
1759,1759,21957,7
1769,1769,21962,7
1779,1779,21967,7
1789,1789,21972,7
1800,1799,21977,7
1809,1809,21982,7
1819,1819,21987,7
1829,1829,21992,7
1839,1839,21997,7
1849,1849,22002,7
1860,1859,22007,7
1870,1869,22012,7
1880,1879,22017,7
1889,1889,22022,7
1899,1899,22027,7
1909,1909,22032,7
1919,1919,22037,7
1929,1929,22042,7
1939,1939,22047,7
1949,1949,22052,7
1959,1959,22057,7
1969,1969,22062,7
1979,1979,22067,7
1989,1989,22072,7
1999,1999,22077,7
2009,2009,22082,7
2019,2019,22087,7
2030,2029,22092,7
2040,2039,22097,7
2050,2049,22102,7
2060,2059,22107,7
2070,2069,22112,7
2080,2079,22117,7
2090,2089,22122,7
2100,2099,22127,7
2110,2109,22132,7
2120,2119,22137,7
2130,2129,22142,7
2140,2139,22147,7
2150,2149,22152,7
2160,2159,22157,7
2170,2169,22162,7
2180,2179,22167,7
2190,2189,22172,7
2200,2199,22177,7
2210,2209,22182,7
2220,2219,22187,7
2230,2229,22192,7
2240,2238,22197,7
2250,2249,22202,7
2260,2259,22207,7
2269,2268,22212,-8
2278,2277,22217,-8
2284,2283,22222,-8
2288,2287,22227,-8
2290,2289,22232,-8
2290,2289,22237,-8
2287,2287,22242,-8
2283,2283,22247,-8
2278,2278,22252,-8
2272,2272,22257,-8
2265,2265,22262,-8
2257,2257,22267,-8
2249,2249,22272,-8
2240,2240,22277,-8
2231,2231,22282,-8
2221,2221,22287,-8
2212,2211,22292,-8
2202,2201,22297,-8
2192,2191,22302,-8
2182,2180,22307,-8
2171,2170,22312,-8
2161,2160,22317,-8
2150,2149,22322,-8
2140,2138,22327,-8
2129,2127,22332,-8
2118,2116,22337,-8
2108,2105,22342,-8
2097,2094,22347,-8
2086,2083,22352,-8
2075,2072,22357,-8
2064,2061,22362,-8
2054,2050,22367,-8
2043,2039,22372,-8
2032,2028,22377,-8
2021,2017,22382,-8
2010,2006,22387,-8
1999,1995,22392,-8
1988,1984,22397,-8
1977,1973,22402,-8
1966,1962,22407,-8
1956,1950,22412,-8
1944,1939,22417,-8
1934,1928,22422,-8
1923,1917,22427,-8
1912,1906,22432,-8
1901,1895,22437,-8
1890,1884,22442,-8
1879,1873,22447,-8
1868,1862,22452,-8
1857,1851,22457,-8
1846,1840,22462,-8
1835,1828,22467,-8
1824,1818,22472,-8
1814,1806,22477,-8
1803,1795,22482,-8
1792,1784,22487,-8
1781,1773,22492,-8
1770,1762,22497,-8
1759,1751,22502,-8
1748,1740,22507,-8
1737,1729,22512,-8
1726,1718,22517,-8
1715,1707,22522,-8
1704,1695,22527,-8
1693,1684,22532,-8
1682,1673,22537,-8
1671,1662,22542,-8
1660,1651,22547,-8
1650,1640,22552,-8
1639,1629,22557,-8
1628,1618,22562,-8
1617,1607,22567,-8
1606,1596,22572,-8
1595,1584,22577,-8
1584,1573,22582,-8
1573,1562,22587,-8
1562,1551,22592,-8
1551,1540,22597,-8
1540,1529,22602,-8
1529,1518,22607,-8
1519,1507,22612,-8
1507,1496,22617,-8
1497,1485,22622,-8
1486,1474,22627,-8
1475,1462,22632,-8
1464,1452,22637,-8
1453,1440,22642,-8
1442,1429,22647,-8
1431,1418,22652,-8
1420,1407,22657,-8
1409,1396,22662,-8
1398,1385,22667,-8
1387,1374,22672,-8
1376,1362,22677,-8
1366,1352,22682,-8
1355,1340,22687,-8
1344,1329,22692,-8
1333,1318,22697,-8
1322,1307,22702,-8
1311,1296,22707,-8
1300,1285,22712,-8
1289,1274,22717,-8
1278,1263,22722,-8
1267,1252,22727,-8
1256,1241,22732,-8
1245,1230,22737,-8
1234,1218,22742,-8
1223,1207,22747,-8
1213,1196,22752,-8
1202,1185,22757,-8
1191,1174,22762,-8
1180,1163,22767,-8
1169,1152,22772,-8
1158,1141,22777,-8
1147,1130,22782,-8
1136,1119,22787,-8
1125,1107,22792,-8
1114,1096,22797,-8
1103,1085,22802,-8
1092,1074,22807,-8
1082,1063,22812,-8
1071,1052,22817,-8
1060,1041,22822,-8
1049,1030,22827,-8
1038,1019,22832,-8
1027,1008,22837,-8
1016,996,22842,-8
1005,986,22847,-8
994,974,22852,-8
983,963,22857,-8
972,952,22862,-8
961,941,22867,-8
951,930,22872,-8
940,919,22877,-8
929,908,22882,-8
918,897,22887,-8
907,886,22892,-8
896,874,22897,-8
885,864,22902,-8
874,852,22907,-8
863,841,22912,-8
852,830,22917,-8
841,819,22922,-8
830,808,22927,-8
819,797,22932,-8
808,786,22937,-8
798,774,22942,-8
787,763,22947,-8
776,752,22952,-8
765,741,22957,-8
754,730,22962,-8
743,719,22967,-8
732,708,22972,-8
721,697,22977,-8
710,686,22982,-8
699,675,22987,-8
688,664,22992,-8
677,652,22997,-8
667,642,23002,-8
656,630,23007,-8
645,619,23012,-8
634,608,23017,-8
623,597,23022,-8
612,586,23027,-8
601,575,23032,-8
590,564,23037,-8
579,553,23042,-8
568,542,23047,-8
557,531,23052,-8
547,519,23057,-8
535,508,23062,-8
525,497,23067,-8
514,486,23072,-8
503,475,23077,-8
492,464,23082,-8
481,453,23087,-8
470,442,23092,-8
459,431,23097,-8
448,420,23102,-8
437,408,23107,-8
426,398,23112,-8
415,386,23117,-8
405,375,23122,-8
394,364,23127,-8
383,353,23132,-8
372,342,23137,-8
361,331,23142,-8
350,320,23147,-8
339,309,23152,-8
328,298,23157,-8
317,286,23162,-8
306,276,23167,-8
295,264,23172,-8
284,253,23177,-8
274,242,23182,-8
262,231,23187,-8
252,220,23192,-8
241,209,23197,-8
230,198,23202,-8
219,186,23207,-8
208,176,23212,-8
197,164,23217,-8
186,154,23222,-8
175,142,23227,-8
164,131,23232,-8
153,120,23237,-8
143,109,23242,-8
132,98,23247,-8
121,87,23252,-8
110,76,23257,-8
99,65,23262,-8
88,54,23267,-8
77,42,23272,-8
66,31,23277,-8
55,20,23282,-8
44,9,23287,-8
33,-12,23292,-8
22,-13,23297,-8
12,-24,23302,-8
1,-35,23307,-8
-12,-46,23312,-8
-21,-57,23317,-8
-32,-68,23322,-8
-43,-80,23327,-8
-54,-90,23332,-8
-65,-102,23337,-8
-76,-113,23342,-8
-87,-124,23347,-8
-98,-135,23352,-8
-108,-146,23357,-8
-119,-157,23362,-8
-130,-168,23367,-8
-141,-179,23372,-8
-152,-190,23377,-8
-163,-201,23382,-8
-174,-213,23387,-8
-185,-224,23392,-8
-196,-235,23397,-8
-207,-246,23402,-8
-218,-257,23407,-8
-228,-268,23412,-8
-239,-279,23417,-8
-250,-290,23422,-8
-261,-301,23427,-8
-272,-312,23432,-8
-283,-324,23437,-8
-294,-334,23442,-8
-305,-345,23447,-8
-316,-357,23452,-8
-327,-368,23457,-8
-338,-379,23462,-8
-349,-390,23467,-8
-359,-401,23472,-8
-370,-412,23477,-8
-381,-423,23482,-8
-392,-434,23487,-8
-403,-445,23492,-8
-414,-456,23497,-8
-425,-468,23502,-8
-436,-479,23507,-8
-447,-490,23512,-8
-458,-501,23517,-8
-468,-512,23522,-8
-480,-523,23527,-8
-490,-534,23532,-8
-501,-545,23537,-8
-512,-556,23542,-8
-523,-567,23547,-8
-534,-578,23552,-8
-545,-590,23557,-8
-556,-600,23562,-8
-567,-612,23567,-8
-578,-623,23572,-8
-588,-634,23577,-8
-599,-645,23582,-8
-610,-656,23587,-8
-621,-667,23592,-8
-632,-678,23597,-8
-643,-690,23602,-8
-654,-700,23607,-8
-665,-712,23612,-8
-676,-723,23617,-8
-687,-734,23622,-8
-698,-745,23627,-8
-709,-756,23632,-8
-719,-767,23637,-8
-730,-778,23642,-8
-741,-789,23647,-8
-752,-800,23652,-8
-763,-812,23657,-8
-774,-822,23662,-8
-785,-834,23667,-8
-796,-845,23672,-8
-807,-856,23677,-8
-818,-867,23682,-8
-829,-878,23687,-8
-839,-889,23692,-8
-850,-900,23697,-8
-861,-911,23702,-8
-872,-922,23707,-8
-883,-933,23712,-8
-894,-945,23717,-8
-905,-956,23722,-8
-916,-967,23727,-8
-927,-978,23732,-8
-938,-989,23737,-8
-948,-1000,23742,-8
-959,-1011,23747,-8
-970,-1022,23752,-8
-981,-1033,23757,-8
-992,-1044,23762,-8
-1003,-1056,23767,-8
-1014,-1067,23772,-8
-1025,-1078,23777,-8
-1036,-1089,23782,-8
-1047,-1100,23787,-8
-1058,-1111,23792,-8
-1068,-1122,23797,-8
-1079,-1133,23802,-8
-1090,-1144,23807,-8
-1101,-1155,23812,-8
-1112,-1167,23817,-8
-1123,-1178,23822,-8
-1134,-1188,23827,-8
-1145,-1200,23832,-8
-1156,-1211,23837,-8
-1167,-1222,23842,-8
-1178,-1233,23847,-8
-1188,-1244,23852,-8
-1199,-1255,23857,-8
-1210,-1266,23862,-8
-1221,-1278,23867,-8
-1232,-1289,23872,-8
-1243,-1300,23877,-8
-1254,-1311,23882,-8
-1265,-1322,23887,-8
-1276,-1333,23892,-8
-1287,-1344,23897,-8
-1298,-1355,23902,-8
-1308,-1366,23907,-8
-1319,-1377,23912,-8
-1330,-1388,23917,-8
-1341,-1400,23922,-8
-1352,-1411,23927,-8
-1363,-1422,23932,-8
-1374,-1433,23937,-8
-1385,-1444,23942,-8
-1396,-1455,23947,-8
-1406,-1466,23952,-8
-1417,-1477,23957,-8
-1428,-1488,23962,-8
-1439,-1500,23967,-8
-1450,-1510,23972,-8
-1461,-1521,23977,-8
-1472,-1533,23982,-8
-1483,-1544,23987,-8
-1494,-1555,23992,-8
-1505,-1566,23997,-8
-1516,-1577,24002,-8
-1527,-1588,24007,-8
-1537,-1599,24012,-8
-1548,-1610,24017,-8
-1559,-1621,24022,-8
-1570,-1632,24027,-8
-1581,-1644,24032,-8
-1592,-1655,24037,-8
-1603,-1666,24042,-8
-1614,-1677,24047,-8
-1625,-1688,24052,-8
-1636,-1699,24057,-8
-1646,-1710,24062,-8
-1657,-1722,24067,-8
-1668,-1732,24072,-8
-1679,-1744,24077,-8
-1690,-1754,24082,-8
-1701,-1766,24087,-8
-1712,-1777,24092,-8
-1723,-1788,24097,-8
-1734,-1799,24102,-8
-1745,-1810,24107,-8
-1755,-1821,24112,-8
-1766,-1832,24117,-8
-1777,-1843,24122,-8
-1788,-1854,24127,-8
-1799,-1866,24132,-8
-1810,-1877,24137,-8
-1821,-1888,24142,-8
-1832,-1899,24147,-8
-1843,-1910,24152,-8
-1854,-1921,24157,-8
-1865,-1932,24162,-8
-1875,-1943,24167,-8
-1886,-1954,24172,-8
-1897,-1965,24177,-8
-1908,-1976,24182,-8
-1919,-1988,24187,-8
-1930,-1998,24192,-8
-1941,-2010,24197,-8
-1952,-2021,24202,-8
-1963,-2032,24207,-8
-1973,-2043,24212,1
-1984,-2054,24217,1
-1995,-2065,24222,1
-2006,-2076,24227,1
-2017,-2087,24232,1
-2028,-2098,24237,1
-2039,-2109,24242,1
-2050,-2121,24247,1
-2061,-2132,24252,1
-2072,-2143,24257,1
-2083,-2154,24262,1
-2093,-2165,24267,1
-2104,-2176,24272,1
-2115,-2187,24277,1
-2126,-2198,24282,1
-2137,-2209,24287,1
-2148,-2220,24292,1
-2159,-2232,24297,1
-2170,-2242,24302,1
-2181,-2252,24307,1
-2192,-2261,24312,1
-2203,-2269,24317,1
-2214,-2275,24322,1
-2225,-2279,24327,1
-2235,-2282,24332,1
-2244,-2283,24337,1
-2252,-2283,24342,1
-2258,-2282,24347,1
-2263,-2280,24352,1
-2267,-2278,24357,1
-2269,-2275,24362,1
-2269,-2272,24367,1
-2269,-2269,24372,1
-2268,-2266,24377,1
-2266,-2262,24382,1
-2263,-2259,24387,1
-2260,-2256,24392,1
-2257,-2253,24397,1
-2254,-2250,24402,1
-2251,-2247,24407,1
-2247,-2244,24412,1
-2244,-2242,24417,1
-2241,-2240,24422,1
-2238,-2238,24427,1
-2235,-2236,24432,1
-2233,-2235,24437,1
-2230,-2233,24442,1
-2228,-2232,24447,1
-2226,-2230,24452,1
-2225,-2229,24457,1
-2223,-2228,24462,1
-2222,-2227,24467,1
-2220,-2226,24472,1
-2219,-2224,24477,1
-2218,-2223,24482,1
-2216,-2222,24487,1
-2215,-2221,24492,1
-2214,-2220,24497,1
-2213,-2218,24502,1
-2212,-2217,24507,1
-2211,-2216,24512,1
-2209,-2214,24517,1
-2208,-2213,24522,1
-2207,-2212,24527,1
-2206,-2210,24532,1
-2204,-2208,24537,1
-2203,-2207,24542,1
-2202,-2206,24547,1
-2200,-2204,24552,1
-2199,-2203,24557,1
-2197,-2202,24562,1
-2196,-2200,24567,1
-2194,-2198,24572,1
-2193,-2197,24577,1
-2191,-2195,24582,1
-2190,-2194,24587,1
-2188,-2192,24592,1
-2187,-2191,24597,1
-2185,-2190,24602,1
-2183,-2188,24607,1
-2182,-2186,24612,1
-2181,-2185,24617,1
-2179,-2183,24622,1
-2178,-2182,24627,1
-2176,-2180,24632,1
-2175,-2178,24637,1
-2173,-2177,24642,1
-2172,-2176,24647,1
-2170,-2174,24652,1
-2169,-2172,24657,1
-2167,-2171,24662,1
-2166,-2170,24667,1
-2164,-2168,24672,1
-2163,-2167,24677,1
-2161,-2165,24682,1
-2159,-2164,24687,1
-2158,-2162,24692,1
-2157,-2161,24697,1
-2155,-2159,24702,1
-2153,-2158,24707,1
-2152,-2156,24712,1
-2151,-2155,24717,1
-2149,-2154,24722,1
-2148,-2152,24727,1
-2146,-2150,24732,1
-2145,-2149,24737,1
-2143,-2148,24742,1
-2142,-2146,24747,1
-2140,-2145,24752,1
-2139,-2143,24757,1
-2137,-2142,24762,1
-2136,-2140,24767,1
-2134,-2139,24772,1
-2133,-2137,24777,1
-2131,-2136,24782,1
-2130,-2134,24787,1
-2129,-2133,24792,1
-2127,-2131,24797,1
-2126,-2130,24802,1
-2124,-2128,24807,1
-2123,-2127,24812,1
-2121,-2125,24817,1
-2120,-2124,24822,1
-2118,-2122,24827,1
-2117,-2121,24832,1
-2115,-2119,24837,1
-2114,-2118,24842,1
-2112,-2116,24847,1
-2111,-2115,24852,1
-2109,-2114,24857,1
-2108,-2112,24862,1
-2106,-2110,24867,1
-2105,-2109,24872,1
-2103,-2107,24877,1
-2102,-2106,24882,1
-2100,-2104,24887,1
-2099,-2103,24892,1
-2097,-2102,24897,1
-2096,-2100,24902,1
-2095,-2098,24907,1
-2093,-2097,24912,1
-2092,-2096,24917,1
-2090,-2094,24922,1
-2088,-2093,24927,1
-2087,-2091,24932,1
-2085,-2090,24937,1
-2084,-2088,24942,1
-2082,-2087,24947,1
-2081,-2085,24952,1
-2080,-2084,24957,1
-2078,-2082,24962,1
-2076,-2081,24967,1
-2075,-2079,24972,1
-2073,-2078,24977,1
-2072,-2076,24982,1
-2071,-2074,24987,1
-2069,-2073,24992,1
-2068,-2072,24997,1
-2066,-2070,25002,1
-2065,-2069,25007,1
-2063,-2067,25012,1
-2062,-2066,25017,1
-2060,-2064,25022,1
-2059,-2063,25027,1
-2057,-2061,25032,1
-2056,-2060,25037,1
-2054,-2058,25042,1
-2052,-2057,25047,1
-2051,-2055,25052,1
-2049,-2054,25057,1
-2048,-2052,25062,1
-2047,-2051,25067,1
-2045,-2049,25072,1
-2044,-2048,25077,1
-2042,-2046,25082,1
-2041,-2045,25087,1
-2039,-2044,25092,1
-2038,-2042,25097,1
-2037,-2040,25102,1
-2035,-2039,25107,1
-2034,-2038,25112,1
-2032,-2036,25117,1
-2031,-2034,25122,1
-2029,-2033,25127,1
-2028,-2032,25132,1
-2026,-2030,25137,1
-2025,-2028,25142,1
-2023,-2027,25147,1
-2022,-2026,25152,1
-2020,-2024,25157,1
-2019,-2023,25162,1
-2017,-2021,25167,1
-2016,-2020,25172,1
-2014,-2018,25177,1
-2013,-2017,25182,1
-2011,-2015,25187,1
-2010,-2014,25192,1
-2009,-2012,25197,1
-2007,-2011,25202,1
-2006,-2010,25207,1
-2004,-2008,25212,1
-2002,-2006,25217,1
-2001,-2005,25222,1
-1999,-2003,25227,1
-1998,-2002,25232,1
-1996,-2000,25237,1
-1995,-1999,25242,1
-1993,-1998,25247,1
-1992,-1996,25252,1
-1990,-1994,25257,1
-1989,-1993,25262,1
-1988,-1992,25267,1
-1986,-1990,25272,1
-1985,-1989,25277,1
-1983,-1987,25282,1
-1982,-1986,25287,1
-1980,-1984,25292,1
-1979,-1982,25297,1
-1977,-1981,25302,1
-1975,-1980,25307,1
-1974,-1978,25312,1
-1972,-1977,25317,1
-1971,-1975,25322,1
-1970,-1974,25327,1
-1968,-1972,25332,1
-1966,-1971,25337,1
-1965,-1969,25342,1
-1963,-1968,25347,1
-1962,-1966,25352,1
-1961,-1965,25357,1
-1959,-1963,25362,1
-1958,-1962,25367,1
-1956,-1960,25372,1
-1955,-1959,25377,1
-1953,-1958,25382,1
-1952,-1956,25387,1
-1951,-1954,25392,1
-1949,-1953,25397,1
-1948,-1952,25402,1
-1946,-1950,25407,1
-1945,-1949,25412,1
-1943,-1947,25417,1
-1942,-1946,25422,1
-1940,-1944,25427,1
-1939,-1943,25432,1
-1937,-1941,25437,1
-1936,-1940,25442,1
-1934,-1938,25447,1
-1933,-1937,25452,1
-1931,-1935,25457,1
-1930,-1934,25462,1
-1929,-1932,25467,1
-1927,-1931,25472,1
-1925,-1929,25477,1
-1924,-1928,25482,1
-1922,-1926,25487,1
-1921,-1925,25492,1
-1919,-1923,25497,1
-1918,-1922,25502,1
-1917,-1920,25507,1
-1915,-1919,25512,1
-1914,-1917,25517,1
-1912,-1916,25522,1
-1911,-1914,25527,1
-1909,-1913,25532,1
-1908,-1912,25537,1
-1906,-1910,25542,1
-1905,-1908,25547,1
-1903,-1907,25552,1
-1901,-1905,25557,1
-1900,-1904,25562,1
-1898,-1902,25567,1
-1897,-1901,25572,1
-1895,-1900,25577,1
-1894,-1898,25582,1
-1893,-1896,25587,1
-1891,-1895,25592,1
-1890,-1893,25597,1
-1888,-1892,25602,1
-1887,-1890,25607,1
-1885,-1889,25612,1
-1884,-1888,25617,1
-1882,-1886,25622,1
-1881,-1885,25627,1
-1879,-1883,25632,1
-1878,-1882,25637,1
-1876,-1880,25642,1
-1875,-1879,25647,1
-1873,-1877,25652,1
-1872,-1876,25657,1
-1870,-1874,25662,1
-1869,-1872,25667,1
-1867,-1871,25672,1
-1866,-1870,25677,1
-1864,-1868,25682,1
-1863,-1867,25687,1
-1861,-1866,25692,1
-1860,-1864,25697,1
-1858,-1862,25702,1
-1857,-1861,25707,1
-1855,-1860,25712,1
-1854,-1858,25717,1
-1853,-1857,25722,1
-1851,-1855,25727,1
-1850,-1854,25732,1
-1848,-1852,25737,1
-1847,-1851,25742,1
-1845,-1849,25747,1
-1844,-1848,25752,1
-1842,-1846,25757,1
-1841,-1845,25762,1
-1839,-1843,25767,1
-1838,-1842,25772,1
-1836,-1840,25777,1
-1835,-1839,25782,1
-1833,-1837,25787,1
-1832,-1836,25792,1
-1830,-1834,25797,1
-1829,-1833,25802,1
-1827,-1831,25807,1
-1826,-1830,25812,1
-1824,-1828,25817,1
-1823,-1827,25822,1
-1821,-1825,25827,1
-1820,-1824,25832,1
-1819,-1822,25837,1
-1817,-1821,25842,1
-1816,-1819,25847,1
-1814,-1818,25852,1
-1812,-1816,25857,1
-1811,-1815,25862,1
-1809,-1813,25867,1
-1808,-1812,25872,1
-1806,-1810,25877,1
-1805,-1809,25882,1
-1804,-1807,25887,1
-1802,-1806,25892,1
-1800,-1804,25897,1
-1799,-1803,25902,1
-1797,-1802,25907,1
-1796,-1800,25912,1
-1795,-1799,25917,1
-1793,-1797,25922,1
-1792,-1796,25927,1
-1790,-1794,25932,1
-1789,-1793,25937,1
-1787,-1791,25942,1
-1786,-1790,25947,1
-1784,-1788,25952,1
-1783,-1787,25957,1
-1781,-1785,25962,1
-1780,-1784,25967,1
-1778,-1782,25972,1
-1777,-1781,25977,1
-1775,-1779,25982,1
-1774,-1778,25987,1
-1772,-1776,25992,1
-1771,-1774,25997,1
-1769,-1773,26002,1
-1768,-1772,26007,1
-1766,-1770,26012,1
-1765,-1769,26017,1
-1763,-1767,26022,1
-1762,-1766,26027,1
-1761,-1764,26032,1
-1759,-1763,26037,1
-1758,-1761,26042,1
-1756,-1760,26047,1
-1755,-1758,26052,1
-1753,-1757,26057,1
-1752,-1755,26062,1
-1750,-1754,26067,1
-1749,-1752,26072,1
-1747,-1751,26077,1
-1746,-1749,26082,1
-1744,-1748,26087,1
-1743,-1746,26092,1
-1742,-1745,26097,1
-1740,-1744,26102,1
-1738,-1742,26107,1
-1737,-1740,26112,1
-1736,-1739,26117,1
-1734,-1737,26122,1
-1733,-1736,26127,1
-1731,-1734,26132,1
-1730,-1733,26137,1
-1728,-1732,26142,1
-1727,-1730,26147,1
-1725,-1728,26152,1
-1724,-1727,26157,1
-1722,-1726,26162,1
-1721,-1724,26167,1
-1719,-1723,26172,1
-1717,-1721,26177,1
-1716,-1720,26182,1
-1714,-1718,26187,1
-1713,-1717,26192,1
-1711,-1715,26197,1
-1710,-1714,26202,1
